Region,Jurisdiction,Species,Run,Year,Subsistence,Commercial,CommercialRelated,PersonalUse_Domestic,TestFishery,Sport_PublicAngling,Source,Link,Notes
Yukon,Alaska,Chum,Summer chum,1991,"118,540","349,133","308,989",0,"3,934","1,037",JTC 2023,https://www.yukonriverpanel.com/download/13/joint-technical-committee-reports/3775/yukon-jtc-23-01-2022-season-review-2023-outlook.pdf,"*Sport harvests don't distinguish between summer and fall run stocks, typically all sport harvest of chum is attributed to summer chum because effort primarily occurs during summer season and in the Tanana River drainage"
Yukon,Alaska,Chum,Summer chum,1992,"142,192","332,313","211,264",0,"1,967","1,308",JTC 2023,https://www.yukonriverpanel.com/download/13/joint-technical-committee-reports/3775/yukon-jtc-23-01-2022-season-review-2023-outlook.pdf,"*Sport harvests don't distinguish between summer and fall run stocks, typically all sport harvest of chum is attributed to summer chum because effort primarily occurs during summer season and in the Tanana River drainage"
Yukon,Alaska,Chum,Summer chum,1993,"125,574","96,522","43,594",674,"1,869",564,JTC 2023,https://www.yukonriverpanel.com/download/13/joint-technical-committee-reports/3775/yukon-jtc-23-01-2022-season-review-2023-outlook.pdf,"*Sport harvests don't distinguish between summer and fall run stocks, typically all sport harvest of chum is attributed to summer chum because effort primarily occurs during summer season and in the Tanana River drainage"
Yukon,Alaska,Chum,Summer chum,1994,"124,807","80,284","178,457",0,"3,212",350,JTC 2023,https://www.yukonriverpanel.com/download/13/joint-technical-committee-reports/3775/yukon-jtc-23-01-2022-season-review-2023-outlook.pdf,"*Sport harvests don't distinguish between summer and fall run stocks, typically all sport harvest of chum is attributed to summer chum because effort primarily occurs during summer season and in the Tanana River drainage"
Yukon,Alaska,Chum,Summer chum,1995,"136,083","259,774","558,640",780,"6,073","1,174",JTC 2023,https://www.yukonriverpanel.com/download/13/joint-technical-committee-reports/3775/yukon-jtc-23-01-2022-season-review-2023-outlook.pdf,"*Sport harvests don't distinguish between summer and fall run stocks, typically all sport harvest of chum is attributed to summer chum because effort primarily occurs during summer season and in the Tanana River drainage"
Yukon,Alaska,Chum,Summer chum,1996,"124,738","147,127","535,106",905,"7,309","1,946",JTC 2023,https://www.yukonriverpanel.com/download/13/joint-technical-committee-reports/3775/yukon-jtc-23-01-2022-season-review-2023-outlook.pdf,"*Sport harvests don't distinguish between summer and fall run stocks, typically all sport harvest of chum is attributed to summer chum because effort primarily occurs during summer season and in the Tanana River drainage"
Yukon,Alaska,Chum,Summer chum,1997,"112,820","95,242","133,010",391,"2,590",662,JTC 2023,https://www.yukonriverpanel.com/download/13/joint-technical-committee-reports/3775/yukon-jtc-23-01-2022-season-review-2023-outlook.pdf,"*Sport harvests don't distinguish between summer and fall run stocks, typically all sport harvest of chum is attributed to summer chum because effort primarily occurs during summer season and in the Tanana River drainage"
Yukon,Alaska,Chum,Summer chum,1998,"87,366","28,611",187,84,"3,019",421,JTC 2023,https://www.yukonriverpanel.com/download/13/joint-technical-committee-reports/3775/yukon-jtc-23-01-2022-season-review-2023-outlook.pdf,"*Sport harvests don't distinguish between summer and fall run stocks, typically all sport harvest of chum is attributed to summer chum because effort primarily occurs during summer season and in the Tanana River drainage"
Yukon,Alaska,Chum,Summer chum,1999,"83,784","29,389",24,382,836,555,JTC 2023,https://www.yukonriverpanel.com/download/13/joint-technical-committee-reports/3775/yukon-jtc-23-01-2022-season-review-2023-outlook.pdf,"*Sport harvests don't distinguish between summer and fall run stocks, typically all sport harvest of chum is attributed to summer chum because effort primarily occurs during summer season and in the Tanana River drainage"
Yukon,Alaska,Chum,Summer chum,2000,"78,072","6,624",0,30,648,161,JTC 2023,https://www.yukonriverpanel.com/download/13/joint-technical-committee-reports/3775/yukon-jtc-23-01-2022-season-review-2023-outlook.pdf,"*Sport harvests don't distinguish between summer and fall run stocks, typically all sport harvest of chum is attributed to summer chum because effort primarily occurs during summer season and in the Tanana River drainage"
Yukon,Alaska,Chum,Summer chum,2001,"72,155",0,0,146,0,82,JTC 2023,https://www.yukonriverpanel.com/download/13/joint-technical-committee-reports/3775/yukon-jtc-23-01-2022-season-review-2023-outlook.pdf,"*Sport harvests don't distinguish between summer and fall run stocks, typically all sport harvest of chum is attributed to summer chum because effort primarily occurs during summer season and in the Tanana River drainage"
Yukon,Alaska,Chum,Summer chum,2002,"87,056","13,558",19,175,218,384,Jallen et al. 2033,https://www.adfg.alaska.gov/FedAidPDFs/SP22-20.pdf,"*Sport harvests don't distinguish between summer and fall run stocks, typically all sport harvest of chum is attributed to summer chum because effort primarily occurs during summer season and in the Tanana River drainage"
Yukon,Alaska,Chum,Summer chum,2003,"82,272","10,685",0,148,119,"1,638",Jallen et al. 2034,https://www.adfg.alaska.gov/FedAidPDFs/SP22-20.pdf,"*Sport harvests don't distinguish between summer and fall run stocks, typically all sport harvest of chum is attributed to summer chum because effort primarily occurs during summer season and in the Tanana River drainage"
Yukon,Alaska,Chum,Summer chum,2004,"77,934","26,410",0,231,217,203,Jallen et al. 2035,https://www.adfg.alaska.gov/FedAidPDFs/SP22-20.pdf,"*Sport harvests don't distinguish between summer and fall run stocks, typically all sport harvest of chum is attributed to summer chum because effort primarily occurs during summer season and in the Tanana River drainage"
Yukon,Alaska,Chum,Summer chum,2005,"93,259","41,264",0,152,134,435,Jallen et al. 2036,https://www.adfg.alaska.gov/FedAidPDFs/SP22-20.pdf,"*Sport harvests don't distinguish between summer and fall run stocks, typically all sport harvest of chum is attributed to summer chum because effort primarily occurs during summer season and in the Tanana River drainage"
Yukon,Alaska,Chum,Summer chum,2006,"115,078","92,116",0,262,456,583,Jallen et al. 2037,https://www.adfg.alaska.gov/FedAidPDFs/SP22-20.pdf,"*Sport harvests don't distinguish between summer and fall run stocks, typically all sport harvest of chum is attributed to summer chum because effort primarily occurs during summer season and in the Tanana River drainage"
Yukon,Alaska,Chum,Summer chum,2007,"92,926","198,201",0,184,10,245,Jallen et al. 2038,https://www.adfg.alaska.gov/FedAidPDFs/SP22-20.pdf,"*Sport harvests don't distinguish between summer and fall run stocks, typically all sport harvest of chum is attributed to summer chum because effort primarily occurs during summer season and in the Tanana River drainage"
Yukon,Alaska,Chum,Summer chum,2008,"86,514","151,186",0,138,80,371,Jallen et al. 2039,https://www.adfg.alaska.gov/FedAidPDFs/SP22-20.pdf,"*Sport harvests don't distinguish between summer and fall run stocks, typically all sport harvest of chum is attributed to summer chum because effort primarily occurs during summer season and in the Tanana River drainage"
Yukon,Alaska,Chum,Summer chum,2009,"80,539","170,272",0,308,0,174,Jallen et al. 2040,https://www.adfg.alaska.gov/FedAidPDFs/SP22-20.pdf,"*Sport harvests don't distinguish between summer and fall run stocks, typically all sport harvest of chum is attributed to summer chum because effort primarily occurs during summer season and in the Tanana River drainage"
Yukon,Alaska,Chum,Summer chum,2010,"88,373","232,888",0,319,0,"1,183",Jallen et al. 2041,https://www.adfg.alaska.gov/FedAidPDFs/SP22-20.pdf,"*Sport harvests don't distinguish between summer and fall run stocks, typically all sport harvest of chum is attributed to summer chum because effort primarily occurs during summer season and in the Tanana River drainage"
Yukon,Alaska,Chum,Summer chum,2011,"96,020","275,161",0,439,0,294,Jallen et al. 2042,https://www.adfg.alaska.gov/FedAidPDFs/SP22-20.pdf,"*Sport harvests don't distinguish between summer and fall run stocks, typically all sport harvest of chum is attributed to summer chum because effort primarily occurs during summer season and in the Tanana River drainage"
Yukon,Alaska,Chum,Summer chum,2012,"126,992","319,575",0,321,"2,412",271,Jallen et al. 2043,https://www.adfg.alaska.gov/FedAidPDFs/SP22-20.pdf,"*Sport harvests don't distinguish between summer and fall run stocks, typically all sport harvest of chum is attributed to summer chum because effort primarily occurs during summer season and in the Tanana River drainage"
Yukon,Alaska,Chum,Summer chum,2013,"115,114","485,587",0,138,"2,304","1,423",Jallen et al. 2044,https://www.adfg.alaska.gov/FedAidPDFs/SP22-20.pdf,"*Sport harvests don't distinguish between summer and fall run stocks, typically all sport harvest of chum is attributed to summer chum because effort primarily occurs during summer season and in the Tanana River drainage"
Yukon,Alaska,Chum,Summer chum,2014,"86,900","530,644",0,235,0,374,Jallen et al. 2045,https://www.adfg.alaska.gov/FedAidPDFs/SP22-20.pdf,"*Sport harvests don't distinguish between summer and fall run stocks, typically all sport harvest of chum is attributed to summer chum because effort primarily occurs during summer season and in the Tanana River drainage"
Yukon,Alaska,Chum,Summer chum,2015,"83,567","358,856",0,220,"2,494",194,Jallen et al. 2046,https://www.adfg.alaska.gov/FedAidPDFs/SP22-20.pdf,"*Sport harvests don't distinguish between summer and fall run stocks, typically all sport harvest of chum is attributed to summer chum because effort primarily occurs during summer season and in the Tanana River drainage"
Yukon,Alaska,Chum,Summer chum,2016,"87,902","525,809",0,176,380,264,Jallen et al. 2047,https://www.adfg.alaska.gov/FedAidPDFs/SP22-20.pdf,"*Sport harvests don't distinguish between summer and fall run stocks, typically all sport harvest of chum is attributed to summer chum because effort primarily occurs during summer season and in the Tanana River drainage"
Yukon,Alaska,Chum,Summer chum,2017,"87,437","556,516",0,438,"1,819",186,Jallen et al. 2048,https://www.adfg.alaska.gov/FedAidPDFs/SP22-20.pdf,"*Sport harvests don't distinguish between summer and fall run stocks, typically all sport harvest of chum is attributed to summer chum because effort primarily occurs during summer season and in the Tanana River drainage"
Yukon,Alaska,Chum,Summer chum,2018,"76,926","576,700",0,509,"1,028",200,Jallen et al. 2049,https://www.adfg.alaska.gov/FedAidPDFs/SP22-20.pdf,"*Sport harvests don't distinguish between summer and fall run stocks, typically all sport harvest of chum is attributed to summer chum because effort primarily occurs during summer season and in the Tanana River drainage"
Yukon,Alaska,Chum,Summer chum,2019,"63,303","227,089",0,294,230,36,Jallen et al. 2050,https://www.adfg.alaska.gov/FedAidPDFs/SP22-20.pdf,"*Sport harvests don't distinguish between summer and fall run stocks, typically all sport harvest of chum is attributed to summer chum because effort primarily occurs during summer season and in the Tanana River drainage"
Yukon,Alaska,Chum,Summer chum,2020,"41,655","13,955",0,67,0,"1,684",Jallen et al. 2051,https://www.adfg.alaska.gov/FedAidPDFs/SP22-20.pdf,"*Sport harvests don't distinguish between summer and fall run stocks, typically all sport harvest of chum is attributed to summer chum because effort primarily occurs during summer season and in the Tanana River drainage"
Yukon,Alaska,Chum,Summer chum,2021,"1,266",0,0,0,0,NA,Jallen et al. 2052,https://www.adfg.alaska.gov/FedAidPDFs/SP22-20.pdf,"*Sport harvests don't distinguish between summer and fall run stocks, typically all sport harvest of chum is attributed to summer chum because effort primarily occurs during summer season and in the Tanana River drainage"
Yukon,Alaska,Chum,Summer chum,2022,"6,724",0,0,0,0,NA,Jallen et al. 2053,https://www.adfg.alaska.gov/FedAidPDFs/SP22-20.pdf,"*Sport harvests don't distinguish between summer and fall run stocks, typically all sport harvest of chum is attributed to summer chum because effort primarily occurs during summer season and in the Tanana River drainage"
Yukon,Alaska,Chum,Fall chum,1991,"145,524","254,218",0,0,"3,936",0,Jallen et al. 2054,https://www.adfg.alaska.gov/FedAidPDFs/SP22-20.pdf,"*Sport harvests don't distinguish between summer and fall run stocks, typically all sport harvest of chum is attributed to summer chum because effort primarily occurs during summer season and in the Tanana River drainage"
Yukon,Alaska,Chum,Fall chum,1992,"107,808","19,022",0,0,"1,407",0,Jallen et al. 2055,https://www.adfg.alaska.gov/FedAidPDFs/SP22-20.pdf,"*Sport harvests don't distinguish between summer and fall run stocks, typically all sport harvest of chum is attributed to summer chum because effort primarily occurs during summer season and in the Tanana River drainage"
Yukon,Alaska,Chum,Fall chum,1993,"76,882",0,0,163,0,0,Jallen et al. 2056,https://www.adfg.alaska.gov/FedAidPDFs/SP22-20.pdf,"*Sport harvests don't distinguish between summer and fall run stocks, typically all sport harvest of chum is attributed to summer chum because effort primarily occurs during summer season and in the Tanana River drainage"
Yukon,Alaska,Chum,Fall chum,1994,"123,565","7,999",0,0,0,0,Jallen et al. 2057,https://www.adfg.alaska.gov/FedAidPDFs/SP22-20.pdf,"*Sport harvests don't distinguish between summer and fall run stocks, typically all sport harvest of chum is attributed to summer chum because effort primarily occurs during summer season and in the Tanana River drainage"
Yukon,Alaska,Chum,Fall chum,1995,"130,860","283,090",0,863,"1,121",0,Jallen et al. 2058,https://www.adfg.alaska.gov/FedAidPDFs/SP22-20.pdf,"*Sport harvests don't distinguish between summer and fall run stocks, typically all sport harvest of chum is attributed to summer chum because effort primarily occurs during summer season and in the Tanana River drainage"
Yukon,Alaska,Chum,Fall chum,1996,"129,358","105,630",0,356,"1,717",0,Jallen et al. 2059,https://www.adfg.alaska.gov/FedAidPDFs/SP22-20.pdf,"*Sport harvests don't distinguish between summer and fall run stocks, typically all sport harvest of chum is attributed to summer chum because effort primarily occurs during summer season and in the Tanana River drainage"
Yukon,Alaska,Chum,Fall chum,1997,"95,141","58,187",0,284,867,0,Jallen et al. 2060,https://www.adfg.alaska.gov/FedAidPDFs/SP22-20.pdf,"*Sport harvests don't distinguish between summer and fall run stocks, typically all sport harvest of chum is attributed to summer chum because effort primarily occurs during summer season and in the Tanana River drainage"
Yukon,Alaska,Chum,Fall chum,1998,"62,901",0,0,2,0,0,Jallen et al. 2061,https://www.adfg.alaska.gov/FedAidPDFs/SP22-20.pdf,"*Sport harvests don't distinguish between summer and fall run stocks, typically all sport harvest of chum is attributed to summer chum because effort primarily occurs during summer season and in the Tanana River drainage"
Yukon,Alaska,Chum,Fall chum,1999,"89,940","20,371",0,262,"1,171",0,Jallen et al. 2062,https://www.adfg.alaska.gov/FedAidPDFs/SP22-20.pdf,"*Sport harvests don't distinguish between summer and fall run stocks, typically all sport harvest of chum is attributed to summer chum because effort primarily occurs during summer season and in the Tanana River drainage"
Yukon,Alaska,Chum,Fall chum,2000,"19,395",0,0,1,0,0,Jallen et al. 2063,https://www.adfg.alaska.gov/FedAidPDFs/SP22-20.pdf,"*Sport harvests don't distinguish between summer and fall run stocks, typically all sport harvest of chum is attributed to summer chum because effort primarily occurs during summer season and in the Tanana River drainage"
Yukon,Alaska,Chum,Fall chum,2001,"35,703",0,0,10,0,0,Jallen et al. 2064,https://www.adfg.alaska.gov/FedAidPDFs/SP22-20.pdf,"*Sport harvests don't distinguish between summer and fall run stocks, typically all sport harvest of chum is attributed to summer chum because effort primarily occurs during summer season and in the Tanana River drainage"
Yukon,Alaska,Chum,Fall chum,2002,"19,674",0,0,3,0,0,Jallen et al. 2065,https://www.adfg.alaska.gov/FedAidPDFs/SP22-20.pdf,"*Sport harvests don't distinguish between summer and fall run stocks, typically all sport harvest of chum is attributed to summer chum because effort primarily occurs during summer season and in the Tanana River drainage"
Yukon,Alaska,Chum,Fall chum,2003,"56,930","10,996",0,394,0,0,Jallen et al. 2066,https://www.adfg.alaska.gov/FedAidPDFs/SP22-20.pdf,"*Sport harvests don't distinguish between summer and fall run stocks, typically all sport harvest of chum is attributed to summer chum because effort primarily occurs during summer season and in the Tanana River drainage"
Yukon,Alaska,Chum,Fall chum,2004,"62,526","4,110",0,230,0,0,Jallen et al. 2067,https://www.adfg.alaska.gov/FedAidPDFs/SP22-20.pdf,"*Sport harvests don't distinguish between summer and fall run stocks, typically all sport harvest of chum is attributed to summer chum because effort primarily occurs during summer season and in the Tanana River drainage"
Yukon,Alaska,Chum,Fall chum,2005,"91,534","180,249",0,133,87,0,Jallen et al. 2068,https://www.adfg.alaska.gov/FedAidPDFs/SP22-20.pdf,"*Sport harvests don't distinguish between summer and fall run stocks, typically all sport harvest of chum is attributed to summer chum because effort primarily occurs during summer season and in the Tanana River drainage"
Yukon,Alaska,Chum,Fall chum,2006,"84,002","174,542",0,333,0,0,Jallen et al. 2069,https://www.adfg.alaska.gov/FedAidPDFs/SP22-20.pdf,"*Sport harvests don't distinguish between summer and fall run stocks, typically all sport harvest of chum is attributed to summer chum because effort primarily occurs during summer season and in the Tanana River drainage"
Yukon,Alaska,Chum,Fall chum,2007,"101,221","90,677",0,173,0,0,Jallen et al. 2070,https://www.adfg.alaska.gov/FedAidPDFs/SP22-20.pdf,"*Sport harvests don't distinguish between summer and fall run stocks, typically all sport harvest of chum is attributed to summer chum because effort primarily occurs during summer season and in the Tanana River drainage"
Yukon,Alaska,Chum,Fall chum,2008,"89,357","119,265",0,181,0,0,Jallen et al. 2071,https://www.adfg.alaska.gov/FedAidPDFs/SP22-20.pdf,"*Sport harvests don't distinguish between summer and fall run stocks, typically all sport harvest of chum is attributed to summer chum because effort primarily occurs during summer season and in the Tanana River drainage"
Yukon,Alaska,Chum,Fall chum,2009,"66,119","25,876",0,78,0,0,Jallen et al. 2072,https://www.adfg.alaska.gov/FedAidPDFs/SP22-20.pdf,"*Sport harvests don't distinguish between summer and fall run stocks, typically all sport harvest of chum is attributed to summer chum because effort primarily occurs during summer season and in the Tanana River drainage"
Yukon,Alaska,Chum,Fall chum,2010,"68,645","2,550",0,"3,209",0,0,Jallen et al. 2073,https://www.adfg.alaska.gov/FedAidPDFs/SP22-20.pdf,"*Sport harvests don't distinguish between summer and fall run stocks, typically all sport harvest of chum is attributed to summer chum because effort primarily occurs during summer season and in the Tanana River drainage"
Yukon,Alaska,Chum,Fall chum,2011,"80,202","238,979",0,347,0,0,Jallen et al. 2074,https://www.adfg.alaska.gov/FedAidPDFs/SP22-20.pdf,"*Sport harvests don't distinguish between summer and fall run stocks, typically all sport harvest of chum is attributed to summer chum because effort primarily occurs during summer season and in the Tanana River drainage"
Yukon,Alaska,Chum,Fall chum,2012,"99,309","289,692",0,410,166,0,Jallen et al. 2075,https://www.adfg.alaska.gov/FedAidPDFs/SP22-20.pdf,"*Sport harvests don't distinguish between summer and fall run stocks, typically all sport harvest of chum is attributed to summer chum because effort primarily occurs during summer season and in the Tanana River drainage"
Yukon,Alaska,Chum,Fall chum,2013,"113,384","238,051",0,383,121,0,Jallen et al. 2076,https://www.adfg.alaska.gov/FedAidPDFs/SP22-20.pdf,"*Sport harvests don't distinguish between summer and fall run stocks, typically all sport harvest of chum is attributed to summer chum because effort primarily occurs during summer season and in the Tanana River drainage"
Yukon,Alaska,Chum,Fall chum,2014,"92,529","115,599",0,278,30,0,Jallen et al. 2077,https://www.adfg.alaska.gov/FedAidPDFs/SP22-20.pdf,"*Sport harvests don't distinguish between summer and fall run stocks, typically all sport harvest of chum is attributed to summer chum because effort primarily occurs during summer season and in the Tanana River drainage"
Yukon,Alaska,Chum,Fall chum,2015,"86,600","191,470",0,80,50,0,Jallen et al. 2078,https://www.adfg.alaska.gov/FedAidPDFs/SP22-20.pdf,"*Sport harvests don't distinguish between summer and fall run stocks, typically all sport harvest of chum is attributed to summer chum because effort primarily occurs during summer season and in the Tanana River drainage"
Yukon,Alaska,Chum,Fall chum,2016,"84,617","465,511",0,283,668,0,Jallen et al. 2079,https://www.adfg.alaska.gov/FedAidPDFs/SP22-20.pdf,"*Sport harvests don't distinguish between summer and fall run stocks, typically all sport harvest of chum is attributed to summer chum because effort primarily occurs during summer season and in the Tanana River drainage"
Yukon,Alaska,Chum,Fall chum,2017,"85,093","489,702",0,626,"1,246",0,Jallen et al. 2080,https://www.adfg.alaska.gov/FedAidPDFs/SP22-20.pdf,"*Sport harvests don't distinguish between summer and fall run stocks, typically all sport harvest of chum is attributed to summer chum because effort primarily occurs during summer season and in the Tanana River drainage"
Yukon,Alaska,Chum,Fall chum,2018,"64,494","387,788",0,514,907,0,Jallen et al. 2081,https://www.adfg.alaska.gov/FedAidPDFs/SP22-20.pdf,"*Sport harvests don't distinguish between summer and fall run stocks, typically all sport harvest of chum is attributed to summer chum because effort primarily occurs during summer season and in the Tanana River drainage"
Yukon,Alaska,Chum,Fall chum,2019,"63,862","268,360",0,408,275,0,Jallen et al. 2082,https://www.adfg.alaska.gov/FedAidPDFs/SP22-20.pdf,"*Sport harvests don't distinguish between summer and fall run stocks, typically all sport harvest of chum is attributed to summer chum because effort primarily occurs during summer season and in the Tanana River drainage"
Yukon,Alaska,Chum,Fall chum,2020,"5,969",0,0,37,0,0,Jallen et al. 2083,https://www.adfg.alaska.gov/FedAidPDFs/SP22-20.pdf,"*Sport harvests don't distinguish between summer and fall run stocks, typically all sport harvest of chum is attributed to summer chum because effort primarily occurs during summer season and in the Tanana River drainage"
Yukon,Alaska,Chum,Fall chum,2021,705,0,0,0,0,0,Jallen et al. 2084,https://www.adfg.alaska.gov/FedAidPDFs/SP22-20.pdf,"*Sport harvests don't distinguish between summer and fall run stocks, typically all sport harvest of chum is attributed to summer chum because effort primarily occurs during summer season and in the Tanana River drainage"
Yukon,Alaska,Chum,Fall chum,2022,"2,778",0,0,0,0,0,Jallen et al. 2085,https://www.adfg.alaska.gov/FedAidPDFs/SP22-20.pdf,"*Sport harvests don't distinguish between summer and fall run stocks, typically all sport harvest of chum is attributed to summer chum because effort primarily occurs during summer season and in the Tanana River drainage"
Yukon,Canada,Chum,Fall chum,1991,"4,014","31,404",0,0,0,0,Jallen et al. 2085,https://www.adfg.alaska.gov/FedAidPDFs/SP22-20.pdf,
Yukon,Canada,Chum,Fall chum,1992,"2,239","18,576",0,0,0,0,Jallen et al. 2085,https://www.adfg.alaska.gov/FedAidPDFs/SP22-20.pdf,
Yukon,Canada,Chum,Fall chum,1993,"6,328","7,762",0,0,0,0,Jallen et al. 2085,https://www.adfg.alaska.gov/FedAidPDFs/SP22-20.pdf,
Yukon,Canada,Chum,Fall chum,1994,"7,973","30,035",0,0,0,0,Jallen et al. 2085,https://www.adfg.alaska.gov/FedAidPDFs/SP22-20.pdf,
Yukon,Canada,Chum,Fall chum,1995,"6,588","39,012",0,0,0,0,Jallen et al. 2085,https://www.adfg.alaska.gov/FedAidPDFs/SP22-20.pdf,
Yukon,Canada,Chum,Fall chum,1996,"4,288","20,069",0,0,0,0,Jallen et al. 2085,https://www.adfg.alaska.gov/FedAidPDFs/SP22-20.pdf,
Yukon,Canada,Chum,Fall chum,1997,"7,532","8,068",0,0,0,0,Jallen et al. 2085,https://www.adfg.alaska.gov/FedAidPDFs/SP22-20.pdf,
Yukon,Canada,Chum,Fall chum,1998,"7,954",0,0,0,0,0,Jallen et al. 2085,https://www.adfg.alaska.gov/FedAidPDFs/SP22-20.pdf,
Yukon,Canada,Chum,Fall chum,1999,"9,234","10,402",0,0,0,0,Jallen et al. 2085,https://www.adfg.alaska.gov/FedAidPDFs/SP22-20.pdf,
Yukon,Canada,Chum,Fall chum,2000,"7,927","1,319",0,0,0,0,Jallen et al. 2085,https://www.adfg.alaska.gov/FedAidPDFs/SP22-20.pdf,
Yukon,Canada,Chum,Fall chum,2001,"7,671","2,198",0,3,1,0,Jallen et al. 2085,https://www.adfg.alaska.gov/FedAidPDFs/SP22-20.pdf,
Yukon,Canada,Chum,Fall chum,2002,"5,027","3,065",0,0,"2,756",0,Jallen et al. 2085,https://www.adfg.alaska.gov/FedAidPDFs/SP22-20.pdf,
Yukon,Canada,Chum,Fall chum,2003,"1,875","9,030",0,0,990,0,Jallen et al. 2085,https://www.adfg.alaska.gov/FedAidPDFs/SP22-20.pdf,
Yukon,Canada,Chum,Fall chum,2004,"2,385","7,365",0,0,995,0,Jallen et al. 2085,https://www.adfg.alaska.gov/FedAidPDFs/SP22-20.pdf,
Yukon,Canada,Chum,Fall chum,2005,"6,628","11,931",0,13,0,0,Jallen et al. 2085,https://www.adfg.alaska.gov/FedAidPDFs/SP22-20.pdf,
Yukon,Canada,Chum,Fall chum,2006,"7,700","4,096",0,0,0,0,Jallen et al. 2085,https://www.adfg.alaska.gov/FedAidPDFs/SP22-20.pdf,
Yukon,Canada,Chum,Fall chum,2007,"6,721","7,109",0,0,"3,765",0,Jallen et al. 2085,https://www.adfg.alaska.gov/FedAidPDFs/SP22-20.pdf,
Yukon,Canada,Chum,Fall chum,2008,"5,504","4,062",0,0,0,0,Jallen et al. 2085,https://www.adfg.alaska.gov/FedAidPDFs/SP22-20.pdf,
Yukon,Canada,Chum,Fall chum,2009,"1,718",293,0,0,0,0,Jallen et al. 2085,https://www.adfg.alaska.gov/FedAidPDFs/SP22-20.pdf,
Yukon,Canada,Chum,Fall chum,2010,"3,601","2,186",0,0,0,0,Jallen et al. 2085,https://www.adfg.alaska.gov/FedAidPDFs/SP22-20.pdf,
Yukon,Canada,Chum,Fall chum,2011,"2,851","5,312",0,0,0,0,Jallen et al. 2085,https://www.adfg.alaska.gov/FedAidPDFs/SP22-20.pdf,
Yukon,Canada,Chum,Fall chum,2012,"3,818","3,205",0,0,0,0,Jallen et al. 2085,https://www.adfg.alaska.gov/FedAidPDFs/SP22-20.pdf,
Yukon,Canada,Chum,Fall chum,2013,"2,783","3,369",0,18,0,0,Jallen et al. 2085,https://www.adfg.alaska.gov/FedAidPDFs/SP22-20.pdf,
Yukon,Canada,Chum,Fall chum,2014,"2,529","2,485",0,19,0,0,Jallen et al. 2085,https://www.adfg.alaska.gov/FedAidPDFs/SP22-20.pdf,
Yukon,Canada,Chum,Fall chum,2015,"1,556","2,862",0,35,0,0,Jallen et al. 2085,https://www.adfg.alaska.gov/FedAidPDFs/SP22-20.pdf,
Yukon,Canada,Chum,Fall chum,2016,"4,005","1,745",0,0,0,0,Jallen et al. 2085,https://www.adfg.alaska.gov/FedAidPDFs/SP22-20.pdf,
Yukon,Canada,Chum,Fall chum,2017,"3,312","2,404",0,0,0,0,Jallen et al. 2085,https://www.adfg.alaska.gov/FedAidPDFs/SP22-20.pdf,
Yukon,Canada,Chum,Fall chum,2018,"2,874","1,957",0,0,0,0,Jallen et al. 2085,https://www.adfg.alaska.gov/FedAidPDFs/SP22-20.pdf,
Yukon,Canada,Chum,Fall chum,2019,"2,000","1,728",0,31,0,0,Jallen et al. 2085,https://www.adfg.alaska.gov/FedAidPDFs/SP22-20.pdf,
Yukon,Canada,Chum,Fall chum,2020,100,0,0,0,0,0,Jallen et al. 2085,https://www.adfg.alaska.gov/FedAidPDFs/SP22-20.pdf,
Yukon,Canada,Chum,Fall chum,2021,21,0,0,0,0,0,Jallen et al. 2085,https://www.adfg.alaska.gov/FedAidPDFs/SP22-20.pdf,
Yukon,Canada,Chum,Fall chum,2022,0,0,0,0,0,0,Jallen et al. 2085,https://www.adfg.alaska.gov/FedAidPDFs/SP22-20.pdf,
Yukon,Alaska,Chinook,NA,1991,"46,773","104,878","1,538",0,689,773,Jallen et al. 2085,https://www.adfg.alaska.gov/FedAidPDFs/SP22-20.pdf,
Yukon,Alaska,Chinook,NA,1992,"47,077","120,245",927,0,962,431,Jallen et al. 2085,https://www.adfg.alaska.gov/FedAidPDFs/SP22-20.pdf,
Yukon,Alaska,Chinook,NA,1993,"63,915","93,550",560,426,"1,572","1,695",Jallen et al. 2085,https://www.adfg.alaska.gov/FedAidPDFs/SP22-20.pdf,
Yukon,Alaska,Chinook,NA,1994,"53,902","113,137",703,0,"1,631","2,281",Jallen et al. 2085,https://www.adfg.alaska.gov/FedAidPDFs/SP22-20.pdf,
Yukon,Alaska,Chinook,NA,1995,"50,620","122,728","1,324",399,"2,152","2,525",Jallen et al. 2085,https://www.adfg.alaska.gov/FedAidPDFs/SP22-20.pdf,
Yukon,Alaska,Chinook,NA,1996,"45,671","89,671",521,215,"1,698","3,873",Jallen et al. 2085,https://www.adfg.alaska.gov/FedAidPDFs/SP22-20.pdf,
Yukon,Alaska,Chinook,NA,1997,"57,117","112,841",769,313,"2,811","2,174",Jallen et al. 2085,https://www.adfg.alaska.gov/FedAidPDFs/SP22-20.pdf,
Yukon,Alaska,Chinook,NA,1998,"54,124","43,618",81,357,926,654,Jallen et al. 2085,https://www.adfg.alaska.gov/FedAidPDFs/SP22-20.pdf,
Yukon,Alaska,Chinook,NA,1999,"53,305","69,275",288,331,"1,205","1,023",Jallen et al. 2085,https://www.adfg.alaska.gov/FedAidPDFs/SP22-20.pdf,
Yukon,Alaska,Chinook,NA,2000,"36,404","8,515",0,75,597,276,Jallen et al. 2085,https://www.adfg.alaska.gov/FedAidPDFs/SP22-20.pdf,
Yukon,Alaska,Chinook,NA,2001,"55,819",0,0,122,0,679,Jallen et al. 2085,https://www.adfg.alaska.gov/FedAidPDFs/SP22-20.pdf,
Yukon,Alaska,Chinook,NA,2002,"43,742","24,128",230,126,528,486,Jallen et al. 2085,https://www.adfg.alaska.gov/FedAidPDFs/SP22-20.pdf,
Yukon,Alaska,Chinook,NA,2003,"56,959","40,438",0,204,680,"2,719",Jallen et al. 2085,https://www.adfg.alaska.gov/FedAidPDFs/SP22-20.pdf,
Yukon,Alaska,Chinook,NA,2004,"55,713","56,151",0,201,792,"1,513",Jallen et al. 2085,https://www.adfg.alaska.gov/FedAidPDFs/SP22-20.pdf,
Yukon,Alaska,Chinook,NA,2005,"53,409","32,029",0,138,310,483,Jallen et al. 2085,https://www.adfg.alaska.gov/FedAidPDFs/SP22-20.pdf,
Yukon,Alaska,Chinook,NA,2006,"48,593","45,829",0,89,817,739,Jallen et al. 2085,https://www.adfg.alaska.gov/FedAidPDFs/SP22-20.pdf,
Yukon,Alaska,Chinook,NA,2007,"55,174","33,634",0,136,849,960,Jallen et al. 2085,https://www.adfg.alaska.gov/FedAidPDFs/SP22-20.pdf,
Yukon,Alaska,Chinook,NA,2008,"45,186","4,641",0,126,0,409,Jallen et al. 2085,https://www.adfg.alaska.gov/FedAidPDFs/SP22-20.pdf,
Yukon,Alaska,Chinook,NA,2009,"33,805",316,0,127,0,863,Jallen et al. 2085,https://www.adfg.alaska.gov/FedAidPDFs/SP22-20.pdf,
Yukon,Alaska,Chinook,NA,2010,"44,559","9,897",0,162,0,474,Jallen et al. 2085,https://www.adfg.alaska.gov/FedAidPDFs/SP22-20.pdf,
Yukon,Alaska,Chinook,NA,2011,"40,980",82,0,89,0,474,Jallen et al. 2085,https://www.adfg.alaska.gov/FedAidPDFs/SP22-20.pdf,
Yukon,Alaska,Chinook,NA,2012,"30,415",0,0,71,0,345,Jallen et al. 2085,https://www.adfg.alaska.gov/FedAidPDFs/SP22-20.pdf,
Yukon,Alaska,Chinook,NA,2013,"12,533",0,0,42,0,166,Jallen et al. 2085,https://www.adfg.alaska.gov/FedAidPDFs/SP22-20.pdf,
Yukon,Alaska,Chinook,NA,2014,"3,286",0,0,1,0,0,Jallen et al. 2085,https://www.adfg.alaska.gov/FedAidPDFs/SP22-20.pdf,
Yukon,Alaska,Chinook,NA,2015,"7,577",0,0,5,0,13,Jallen et al. 2085,https://www.adfg.alaska.gov/FedAidPDFs/SP22-20.pdf,
Yukon,Alaska,Chinook,NA,2016,"21,658",0,0,57,0,20,Jallen et al. 2085,https://www.adfg.alaska.gov/FedAidPDFs/SP22-20.pdf,
Yukon,Alaska,Chinook,NA,2017,"38,100",168,0,125,0,18,Jallen et al. 2085,https://www.adfg.alaska.gov/FedAidPDFs/SP22-20.pdf,
Yukon,Alaska,Chinook,NA,2018,"31,812",0,0,201,0,200,Jallen et al. 2085,https://www.adfg.alaska.gov/FedAidPDFs/SP22-20.pdf,
Yukon,Alaska,Chinook,NA,2019,"48,379","3,110",0,244,0,38,Jallen et al. 2085,https://www.adfg.alaska.gov/FedAidPDFs/SP22-20.pdf,
Yukon,Alaska,Chinook,NA,2020,"21,531",0,0,112,0,49,Jallen et al. 2085,https://www.adfg.alaska.gov/FedAidPDFs/SP22-20.pdf,
Yukon,Alaska,Chinook,NA,2021,"1,995",0,0,0,0,0,Jallen et al. 2085,https://www.adfg.alaska.gov/FedAidPDFs/SP22-20.pdf,
Yukon,Alaska,Chinook,NA,2022,"1,827",0,0,0,0,0,Jallen et al. 2085,https://www.adfg.alaska.gov/FedAidPDFs/SP22-20.pdf,
Yukon,Canada,Chinook,NA,1991,"9,174","10,906",0,227,0,300,Jallen et al. 2085,https://www.adfg.alaska.gov/FedAidPDFs/SP22-20.pdf,
Yukon,Canada,Chinook,NA,1992,"6,449","10,877",0,277,0,300,Jallen et al. 2085,https://www.adfg.alaska.gov/FedAidPDFs/SP22-20.pdf,
Yukon,Canada,Chinook,NA,1993,5718,"10,350",0,243,0,300,Jallen et al. 2085,https://www.adfg.alaska.gov/FedAidPDFs/SP22-20.pdf,
Yukon,Canada,Chinook,NA,1994,"8,497","12,028",0,373,0,300,Jallen et al. 2085,https://www.adfg.alaska.gov/FedAidPDFs/SP22-20.pdf,
Yukon,Canada,Chinook,NA,1995,"8,738","11,146",0,300,0,700,Jallen et al. 2085,https://www.adfg.alaska.gov/FedAidPDFs/SP22-20.pdf,
Yukon,Canada,Chinook,NA,1996,"8,517","10,164",0,141,0,790,Jallen et al. 2085,https://www.adfg.alaska.gov/FedAidPDFs/SP22-20.pdf,
Yukon,Canada,Chinook,NA,1997,"9,699","5,311",0,288,0,"1,230",Jallen et al. 2085,https://www.adfg.alaska.gov/FedAidPDFs/SP22-20.pdf,
Yukon,Canada,Chinook,NA,1998,"4,786",390,0,24,737,0,Jallen et al. 2085,https://www.adfg.alaska.gov/FedAidPDFs/SP22-20.pdf,
Yukon,Canada,Chinook,NA,1999,"8,918","3,160",0,213,0,177,Jallen et al. 2085,https://www.adfg.alaska.gov/FedAidPDFs/SP22-20.pdf,
Yukon,Canada,Chinook,NA,2000,4118,0,0,0,761,0,Jallen et al. 2085,https://www.adfg.alaska.gov/FedAidPDFs/SP22-20.pdf,
Yukon,Canada,Chinook,NA,2001,"7,791","1,351",0,89,767,146,Jallen et al. 2085,https://www.adfg.alaska.gov/FedAidPDFs/SP22-20.pdf,
Yukon,Canada,Chinook,NA,2002,"7,327",708,0,59,"1,036",128,Jallen et al. 2085,https://www.adfg.alaska.gov/FedAidPDFs/SP22-20.pdf,
Yukon,Canada,Chinook,NA,2003,"6,294","2,672",0,115,263,275,Jallen et al. 2085,https://www.adfg.alaska.gov/FedAidPDFs/SP22-20.pdf,
Yukon,Canada,Chinook,NA,2004,"6,775","3,785",0,88,167,423,Jallen et al. 2085,https://www.adfg.alaska.gov/FedAidPDFs/SP22-20.pdf,
Yukon,Canada,Chinook,NA,2005,"6,770","4,066",0,99,0,436,Jallen et al. 2085,https://www.adfg.alaska.gov/FedAidPDFs/SP22-20.pdf,
Yukon,Canada,Chinook,NA,2006,"6,071","2,332",0,63,0,606,Jallen et al. 2085,https://www.adfg.alaska.gov/FedAidPDFs/SP22-20.pdf,
Yukon,Canada,Chinook,NA,2007,"4,475",0,0,0,617,2,Jallen et al. 2085,https://www.adfg.alaska.gov/FedAidPDFs/SP22-20.pdf,
Yukon,Canada,Chinook,NA,2008,"3,199",1,0,0,513,0,Jallen et al. 2085,https://www.adfg.alaska.gov/FedAidPDFs/SP22-20.pdf,
Yukon,Canada,Chinook,NA,2009,"4,252",364,0,17,0,125,Jallen et al. 2085,https://www.adfg.alaska.gov/FedAidPDFs/SP22-20.pdf,
Yukon,Canada,Chinook,NA,2010,"2,705",0,0,0,0,1,Jallen et al. 2085,https://www.adfg.alaska.gov/FedAidPDFs/SP22-20.pdf,
Yukon,Canada,Chinook,NA,2011,"4,840",4,0,0,0,40,Jallen et al. 2085,https://www.adfg.alaska.gov/FedAidPDFs/SP22-20.pdf,
Yukon,Canada,Chinook,NA,2012,"2,200",0,0,0,0,0,Jallen et al. 2085,https://www.adfg.alaska.gov/FedAidPDFs/SP22-20.pdf,
Yukon,Canada,Chinook,NA,2013,"2,144",2,0,0,0,0,Jallen et al. 2085,https://www.adfg.alaska.gov/FedAidPDFs/SP22-20.pdf,
Yukon,Canada,Chinook,NA,2014,103,0,0,0,0,0,Jallen et al. 2085,https://www.adfg.alaska.gov/FedAidPDFs/SP22-20.pdf,
Yukon,Canada,Chinook,NA,2015,"1,204",0,0,0,0,0,Jallen et al. 2085,https://www.adfg.alaska.gov/FedAidPDFs/SP22-20.pdf,
Yukon,Canada,Chinook,NA,2016,"2,945",1,0,0,0,0,Jallen et al. 2085,https://www.adfg.alaska.gov/FedAidPDFs/SP22-20.pdf,
Yukon,Canada,Chinook,NA,2017,"3,631",0,0,0,0,0,Jallen et al. 2085,https://www.adfg.alaska.gov/FedAidPDFs/SP22-20.pdf,
Yukon,Canada,Chinook,NA,2018,"3,097",1,0,0,0,0,Jallen et al. 2085,https://www.adfg.alaska.gov/FedAidPDFs/SP22-20.pdf,
Yukon,Canada,Chinook,NA,2019,"3,104",0,0,0,0,0,Jallen et al. 2085,https://www.adfg.alaska.gov/FedAidPDFs/SP22-20.pdf,
Yukon,Canada,Chinook,NA,2020,"2,543",0,0,0,0,0,Jallen et al. 2085,https://www.adfg.alaska.gov/FedAidPDFs/SP22-20.pdf,
Yukon,Canada,Chinook,NA,2021,322,0,0,0,0,0,Jallen et al. 2085,https://www.adfg.alaska.gov/FedAidPDFs/SP22-20.pdf,
Yukon,Canada,Chinook,NA,2022,58,0,0,0,0,0,Jallen et al. 2085,https://www.adfg.alaska.gov/FedAidPDFs/SP22-20.pdf,
Kuskokwim,Alaska,Chinook,NA,1991,"74,820","37,778",0,0,149,401,Smith and Gray 2022,https://www.adfg.alaska.gov/FedAidPDFs/FMR22-26.pdf,
Kuskokwim,Alaska,Chinook,NA,1992,"82,481","46,872",0,0,518,367,Smith and Gray 2022,https://www.adfg.alaska.gov/FedAidPDFs/FMR22-26.pdf,
Kuskokwim,Alaska,Chinook,NA,1993,"87,830","8,735",0,0,"2,515",587,Smith and Gray 2022,https://www.adfg.alaska.gov/FedAidPDFs/FMR22-26.pdf,
Kuskokwim,Alaska,Chinook,NA,1994,"102,817","16,211",0,0,"1,850","1,139",Smith and Gray 2022,https://www.adfg.alaska.gov/FedAidPDFs/FMR22-26.pdf,
Kuskokwim,Alaska,Chinook,NA,1995,"101,921","30,846",0,0,"1,001",541,Smith and Gray 2022,https://www.adfg.alaska.gov/FedAidPDFs/FMR22-26.pdf,
Kuskokwim,Alaska,Chinook,NA,1996,"96,477","7,419",0,0,247,"1,432",Smith and Gray 2022,https://www.adfg.alaska.gov/FedAidPDFs/FMR22-26.pdf,
Kuskokwim,Alaska,Chinook,NA,1997,"79,334","10,441",0,0,332,"1,227",Smith and Gray 2022,https://www.adfg.alaska.gov/FedAidPDFs/FMR22-26.pdf,
Kuskokwim,Alaska,Chinook,NA,1998,"80,969","17,359",0,0,210,"1,434",Smith and Gray 2022,https://www.adfg.alaska.gov/FedAidPDFs/FMR22-26.pdf,
Kuskokwim,Alaska,Chinook,NA,1999,"73,538","4,705",0,0,98,252,Smith and Gray 2022,https://www.adfg.alaska.gov/FedAidPDFs/FMR22-26.pdf,
Kuskokwim,Alaska,Chinook,NA,2000,"67,596",444,0,0,60,105,Smith and Gray 2022,https://www.adfg.alaska.gov/FedAidPDFs/FMR22-26.pdf,
Kuskokwim,Alaska,Chinook,NA,2001,"78,174",90,0,0,0,290,Smith and Gray 2022,https://www.adfg.alaska.gov/FedAidPDFs/FMR22-26.pdf,
Kuskokwim,Alaska,Chinook,NA,2002,"81,169",72,0,0,0,319,Smith and Gray 2022,https://www.adfg.alaska.gov/FedAidPDFs/FMR22-26.pdf,
Kuskokwim,Alaska,Chinook,NA,2003,"67,737",158,0,0,0,401,Smith and Gray 2022,https://www.adfg.alaska.gov/FedAidPDFs/FMR22-26.pdf,
Kuskokwim,Alaska,Chinook,NA,2004,"96,788","2,305",0,0,19,857,Smith and Gray 2022,https://www.adfg.alaska.gov/FedAidPDFs/FMR22-26.pdf,
Kuskokwim,Alaska,Chinook,NA,2005,"85,863","4,784",0,0,2,572,Smith and Gray 2022,https://www.adfg.alaska.gov/FedAidPDFs/FMR22-26.pdf,
Kuskokwim,Alaska,Chinook,NA,2006,"90,812","2,777",0,0,0,444,Smith and Gray 2022,https://www.adfg.alaska.gov/FedAidPDFs/FMR22-26.pdf,
Kuskokwim,Alaska,Chinook,NA,2007,"94,898",179,0,0,0,"1,478",Smith and Gray 2022,https://www.adfg.alaska.gov/FedAidPDFs/FMR22-26.pdf,
Kuskokwim,Alaska,Chinook,NA,2008,"88,912","8,865",0,0,0,708,Smith and Gray 2022,https://www.adfg.alaska.gov/FedAidPDFs/FMR22-26.pdf,
Kuskokwim,Alaska,Chinook,NA,2009,"79,896","6,664",0,0,0,904,Smith and Gray 2022,https://www.adfg.alaska.gov/FedAidPDFs/FMR22-26.pdf,
Kuskokwim,Alaska,Chinook,NA,2010,"67,286","2,731",0,0,0,354,Smith and Gray 2022,https://www.adfg.alaska.gov/FedAidPDFs/FMR22-26.pdf,
Kuskokwim,Alaska,Chinook,NA,2011,"62,366",49,0,0,0,579,Smith and Gray 2022,https://www.adfg.alaska.gov/FedAidPDFs/FMR22-26.pdf,
Kuskokwim,Alaska,Chinook,NA,2012,"22,544",14,0,0,0,0,Smith and Gray 2022,https://www.adfg.alaska.gov/FedAidPDFs/FMR22-26.pdf,
Kuskokwim,Alaska,Chinook,NA,2013,"47,113",1,0,0,0,0,Smith and Gray 2022,https://www.adfg.alaska.gov/FedAidPDFs/FMR22-26.pdf,
Kuskokwim,Alaska,Chinook,NA,2014,"11,234",0,0,0,0,0,Smith and Gray 2022,https://www.adfg.alaska.gov/FedAidPDFs/FMR22-26.pdf,
Kuskokwim,Alaska,Chinook,NA,2015,"16,124",2,0,0,0,0,Smith and Gray 2022,https://www.adfg.alaska.gov/FedAidPDFs/FMR22-26.pdf,
Kuskokwim,Alaska,Chinook,NA,2016,"30,693",NA,0,0,0,0,Smith and Gray 2022,https://www.adfg.alaska.gov/FedAidPDFs/FMR22-26.pdf,Commercial harvest information confidential because there was only 1 permit holder. 
Kuskokwim,Alaska,Chinook,NA,2017,"16,380",NA,0,0,0,0,Smith and Gray 2022,https://www.adfg.alaska.gov/FedAidPDFs/FMR22-26.pdf,Commercial harvest information confidential because there was only 1 permit holder. 
Kuskokwim,Alaska,Chinook,NA,2018,"22,264",NA,0,0,0,0,Smith and Gray 2022,https://www.adfg.alaska.gov/FedAidPDFs/FMR22-26.pdf,Commercial harvest information confidential because there was only 1 permit holder. 
Kuskokwim,Alaska,Chinook,NA,2019,"37,940",NA,0,0,0,0,Smith and Gray 2022,https://www.adfg.alaska.gov/FedAidPDFs/FMR22-26.pdf,Commercial harvest information confidential because there was only 1 permit holder. 
Kuskokwim,Alaska,Chinook,NA,2020,"35,847",NA,0,0,0,0,Smith and Gray 2022,https://www.adfg.alaska.gov/FedAidPDFs/FMR22-26.pdf,Commercial harvest information confidential because there was only 1 permit holder. 
Kuskokwim,Alaska,Chinook,NA,2021,"28,365",NA,0,0,0,0,Smith and Gray 2022,https://www.adfg.alaska.gov/FedAidPDFs/FMR22-26.pdf,Commercial harvest information confidential because there was only 1 permit holder. 
Kuskokwim,Alaska,Chinook,NA,2022,"34,134",NA,0,0,0,0,Smith and Gray 2022,https://www.adfg.alaska.gov/FedAidPDFs/FMR22-26.pdf,Commercial harvest information confidential because there was only 1 permit holder. 
Kuskokwim,Alaska,Chum,NA,1991,"87,237","431,802",0,0,"1,014",378,Smith and Gray 2022,https://www.adfg.alaska.gov/FedAidPDFs/FMR22-26.pdf,
Kuskokwim,Alaska,Chum,NA,1992,"115,748","344,603",0,0,"12,409",608,Smith and Gray 2022,https://www.adfg.alaska.gov/FedAidPDFs/FMR22-26.pdf,
Kuskokwim,Alaska,Chum,NA,1993,"60,050","43,337",0,0,"8,365",359,Smith and Gray 2022,https://www.adfg.alaska.gov/FedAidPDFs/FMR22-26.pdf,
Kuskokwim,Alaska,Chum,NA,1994,"76,588","271,115",0,0,"11,637","1,280",Smith and Gray 2022,https://www.adfg.alaska.gov/FedAidPDFs/FMR22-26.pdf,
Kuskokwim,Alaska,Chum,NA,1995,"71,146","605,918",0,0,"16,241",226,Smith and Gray 2022,https://www.adfg.alaska.gov/FedAidPDFs/FMR22-26.pdf,
Kuskokwim,Alaska,Chum,NA,1996,"100,786","207,877",0,0,"2,864",280,Smith and Gray 2022,https://www.adfg.alaska.gov/FedAidPDFs/FMR22-26.pdf,
Kuskokwim,Alaska,Chum,NA,1997,"37,770","17,026",0,0,790,86,Smith and Gray 2022,https://www.adfg.alaska.gov/FedAidPDFs/FMR22-26.pdf,
Kuskokwim,Alaska,Chum,NA,1998,"61,840","207,809",0,0,"1,140",291,Smith and Gray 2022,https://www.adfg.alaska.gov/FedAidPDFs/FMR22-26.pdf,
Kuskokwim,Alaska,Chum,NA,1999,"45,251","23,006",0,0,363,180,Smith and Gray 2022,https://www.adfg.alaska.gov/FedAidPDFs/FMR22-26.pdf,
Kuskokwim,Alaska,Chum,NA,2000,"56,480","11,570",0,0,"1,033",26,Smith and Gray 2022,https://www.adfg.alaska.gov/FedAidPDFs/FMR22-26.pdf,
Kuskokwim,Alaska,Chum,NA,2001,"56,191","1,272",0,0,19,112,Smith and Gray 2022,https://www.adfg.alaska.gov/FedAidPDFs/FMR22-26.pdf,
Kuskokwim,Alaska,Chum,NA,2002,"86,163","1,900",0,0,7,53,Smith and Gray 2022,https://www.adfg.alaska.gov/FedAidPDFs/FMR22-26.pdf,
Kuskokwim,Alaska,Chum,NA,2003,"42,082","2,764",0,0,0,53,Smith and Gray 2022,https://www.adfg.alaska.gov/FedAidPDFs/FMR22-26.pdf,
Kuskokwim,Alaska,Chum,NA,2004,"64,140","20,150",0,0,113,84,Smith and Gray 2022,https://www.adfg.alaska.gov/FedAidPDFs/FMR22-26.pdf,
Kuskokwim,Alaska,Chum,NA,2005,"58,555","69,139",0,0,96,500,Smith and Gray 2022,https://www.adfg.alaska.gov/FedAidPDFs/FMR22-26.pdf,
Kuskokwim,Alaska,Chum,NA,2006,"89,674","44,070",0,0,0,13,Smith and Gray 2022,https://www.adfg.alaska.gov/FedAidPDFs/FMR22-26.pdf,
Kuskokwim,Alaska,Chum,NA,2007,"73,560","10,763",0,0,53,391,Smith and Gray 2022,https://www.adfg.alaska.gov/FedAidPDFs/FMR22-26.pdf,
Kuskokwim,Alaska,Chum,NA,2008,"63,789","30,516",0,0,0,121,Smith and Gray 2022,https://www.adfg.alaska.gov/FedAidPDFs/FMR22-26.pdf,
Kuskokwim,Alaska,Chum,NA,2009,"44,324","76,790",0,0,0,285,Smith and Gray 2022,https://www.adfg.alaska.gov/FedAidPDFs/FMR22-26.pdf,
Kuskokwim,Alaska,Chum,NA,2010,"45,089","93,148",0,0,0,85,Smith and Gray 2022,https://www.adfg.alaska.gov/FedAidPDFs/FMR22-26.pdf,
Kuskokwim,Alaska,Chum,NA,2011,"54,316","118,256",0,0,0,83,Smith and Gray 2022,https://www.adfg.alaska.gov/FedAidPDFs/FMR22-26.pdf,
Kuskokwim,Alaska,Chum,NA,2012,"79,631","65,171",0,0,93,80,Smith and Gray 2022,https://www.adfg.alaska.gov/FedAidPDFs/FMR22-26.pdf,
Kuskokwim,Alaska,Chum,NA,2013,"53,627","52,236",0,0,0,31,Smith and Gray 2022,https://www.adfg.alaska.gov/FedAidPDFs/FMR22-26.pdf,
Kuskokwim,Alaska,Chum,NA,2014,"68,398","19,080",0,0,0,36,Smith and Gray 2022,https://www.adfg.alaska.gov/FedAidPDFs/FMR22-26.pdf,
Kuskokwim,Alaska,Chum,NA,2015,"40,872",507,0,0,0,102,Smith and Gray 2022,https://www.adfg.alaska.gov/FedAidPDFs/FMR22-26.pdf,
Kuskokwim,Alaska,Chum,NA,2016,"44,858",NA,0,0,0,72,Smith and Gray 2022,https://www.adfg.alaska.gov/FedAidPDFs/FMR22-26.pdf,Commercial harvest information confidential because there was only 1 permit holder. 
Kuskokwim,Alaska,Chum,NA,2017,"52,589",NA,0,0,0,29,Smith and Gray 2022,https://www.adfg.alaska.gov/FedAidPDFs/FMR22-26.pdf,Commercial harvest information confidential because there was only 1 permit holder. 
Kuskokwim,Alaska,Chum,NA,2018,"45,918",NA,0,0,0,0,Smith and Gray 2022,https://www.adfg.alaska.gov/FedAidPDFs/FMR22-26.pdf,Commercial harvest information confidential because there was only 1 permit holder. 
Kuskokwim,Alaska,Chum,NA,2019,"34,568",NA,0,0,0,0,Smith and Gray 2022,https://www.adfg.alaska.gov/FedAidPDFs/FMR22-26.pdf,Commercial harvest information confidential because there was only 1 permit holder. 
Kuskokwim,Alaska,Chum,NA,2020,"26,920",NA,0,0,0,0,Smith and Gray 2022,https://www.adfg.alaska.gov/FedAidPDFs/FMR22-26.pdf,Commercial harvest information confidential because there was only 1 permit holder. 
Kuskokwim,Alaska,Chum,NA,2021,"9,621",NA,0,0,0,0,Smith and Gray 2022,https://www.adfg.alaska.gov/FedAidPDFs/FMR22-26.pdf,Commercial harvest information confidential because there was only 1 permit holder. 
Kuskokwim,Alaska,Chum,NA,2022,"10,864",NA,0,0,0,0,Smith and Gray 2022,https://www.adfg.alaska.gov/FedAidPDFs/FMR22-26.pdf,Commercial harvest information confidential because there was only 1 permit holder. 
Bristol Bay,Alaska,Chinook,NA,1991,"15,245","30,440",0,0,0,NA,Tiernan et al. 2023,https://www.adfg.alaska.gov/FedAidPDFs/FMR23-08.pdf,
Bristol Bay,Alaska,Chinook,NA,1992,"16,425","68,767",0,0,0,NA,Tiernan et al. 2023,https://www.adfg.alaska.gov/FedAidPDFs/FMR23-08.pdf,
Bristol Bay,Alaska,Chinook,NA,1993,"20,527","85,565",0,0,0,NA,Tiernan et al. 2023,https://www.adfg.alaska.gov/FedAidPDFs/FMR23-08.pdf,
Bristol Bay,Alaska,Chinook,NA,1994,"18,873","140,905",0,0,0,"17,544",Tiernan et al. 2023,https://www.adfg.alaska.gov/FedAidPDFs/FMR23-08.pdf,
Bristol Bay,Alaska,Chinook,NA,1995,"15,921","99,318",0,0,0,"11,544",Tiernan et al. 2023,https://www.adfg.alaska.gov/FedAidPDFs/FMR23-08.pdf,
Bristol Bay,Alaska,Chinook,NA,1996,"18,072","86,376",0,0,0,"11,077",Tiernan et al. 2023,https://www.adfg.alaska.gov/FedAidPDFs/FMR23-08.pdf,
Bristol Bay,Alaska,Chinook,NA,1997,"19,074","76,593",0,0,0,"11,253",Tiernan et al. 2023,https://www.adfg.alaska.gov/FedAidPDFs/FMR23-08.pdf,
Bristol Bay,Alaska,Chinook,NA,1998,"15,621","134,751",0,0,0,"12,928",Tiernan et al. 2023,https://www.adfg.alaska.gov/FedAidPDFs/FMR23-08.pdf,
Bristol Bay,Alaska,Chinook,NA,1999,"13,009","26,457",0,0,0,"9,031",Tiernan et al. 2023,https://www.adfg.alaska.gov/FedAidPDFs/FMR23-08.pdf,
Bristol Bay,Alaska,Chinook,NA,2000,"11,547","22,894",0,0,0,"9,903",Tiernan et al. 2023,https://www.adfg.alaska.gov/FedAidPDFs/FMR23-08.pdf,
Bristol Bay,Alaska,Chinook,NA,2001,"14,412","24,348",0,0,0,"10,427",Tiernan et al. 2023,https://www.adfg.alaska.gov/FedAidPDFs/FMR23-08.pdf,
Bristol Bay,Alaska,Chinook,NA,2002,"12,936","44,749",0,0,0,"6,823",Tiernan et al. 2023,https://www.adfg.alaska.gov/FedAidPDFs/FMR23-08.pdf,
Bristol Bay,Alaska,Chinook,NA,2003,"21,231","47,940",0,0,0,"9,941",Tiernan et al. 2023,https://www.adfg.alaska.gov/FedAidPDFs/FMR23-08.pdf,
Bristol Bay,Alaska,Chinook,NA,2004,"18,012","114,280",0,0,0,"13,195",Tiernan et al. 2023,https://www.adfg.alaska.gov/FedAidPDFs/FMR23-08.pdf,
Bristol Bay,Alaska,Chinook,NA,2005,"15,212","77,131",0,0,0,"13,076",Tiernan et al. 2023,https://www.adfg.alaska.gov/FedAidPDFs/FMR23-08.pdf,
Bristol Bay,Alaska,Chinook,NA,2006,"12,617","106,958",0,0,0,"12,838",Tiernan et al. 2023,https://www.adfg.alaska.gov/FedAidPDFs/FMR23-08.pdf,
Bristol Bay,Alaska,Chinook,NA,2007,"15,444","63,121",0,0,0,"13,821",Tiernan et al. 2023,https://www.adfg.alaska.gov/FedAidPDFs/FMR23-08.pdf,
Bristol Bay,Alaska,Chinook,NA,2008,"15,153","25,006",0,0,0,"9,969",Tiernan et al. 2023,https://www.adfg.alaska.gov/FedAidPDFs/FMR23-08.pdf,
Bristol Bay,Alaska,Chinook,NA,2009,"14,020","31,372",0,0,0,"9,671",Tiernan et al. 2023,https://www.adfg.alaska.gov/FedAidPDFs/FMR23-08.pdf,
Bristol Bay,Alaska,Chinook,NA,2010,"10,852","32,933",0,0,0,"6,224",Tiernan et al. 2023,https://www.adfg.alaska.gov/FedAidPDFs/FMR23-08.pdf,
Bristol Bay,Alaska,Chinook,NA,2011,"14,106","36,478",0,0,0,"10,412",Tiernan et al. 2023,https://www.adfg.alaska.gov/FedAidPDFs/FMR23-08.pdf,
Bristol Bay,Alaska,Chinook,NA,2012,"12,136","19,364",0,0,0,"10,009",Tiernan et al. 2023,https://www.adfg.alaska.gov/FedAidPDFs/FMR23-08.pdf,
Bristol Bay,Alaska,Chinook,NA,2013,"12,858","14,411",0,0,0,"9,929",Tiernan et al. 2023,https://www.adfg.alaska.gov/FedAidPDFs/FMR23-08.pdf,
Bristol Bay,Alaska,Chinook,NA,2014,"17,417","15,762",0,0,0,"10,745",Tiernan et al. 2023,https://www.adfg.alaska.gov/FedAidPDFs/FMR23-08.pdf,
Bristol Bay,Alaska,Chinook,NA,2015,"13,874","57,243",0,0,0,"9,578",Tiernan et al. 2023,https://www.adfg.alaska.gov/FedAidPDFs/FMR23-08.pdf,
Bristol Bay,Alaska,Chinook,NA,2016,"18,712","32,990",0,0,0,"11,873",Tiernan et al. 2023,https://www.adfg.alaska.gov/FedAidPDFs/FMR23-08.pdf,
Bristol Bay,Alaska,Chinook,NA,2017,"12,985","41,399",0,0,0,"9,844",Tiernan et al. 2023,https://www.adfg.alaska.gov/FedAidPDFs/FMR23-08.pdf,
Bristol Bay,Alaska,Chinook,NA,2018,"13,758","44,720",0,0,0,"12,806",Tiernan et al. 2023,https://www.adfg.alaska.gov/FedAidPDFs/FMR23-08.pdf,
Bristol Bay,Alaska,Chinook,NA,2019,"11,488","33,226",0,0,0,"9,866",Tiernan et al. 2023,https://www.adfg.alaska.gov/FedAidPDFs/FMR23-08.pdf,
Bristol Bay,Alaska,Chinook,NA,2020,"9,369","10,006",0,0,0,"3,138",Tiernan et al. 2023,https://www.adfg.alaska.gov/FedAidPDFs/FMR23-08.pdf,
Bristol Bay,Alaska,Chinook,NA,2021,"5,685","6,944",0,0,0,"5,873",Tiernan et al. 2023,https://www.adfg.alaska.gov/FedAidPDFs/FMR23-08.pdf,
Bristol Bay,Alaska,Chinook,NA,2022,NA,"7,733",0,0,0,NA,Tiernan et al. 2023,https://www.adfg.alaska.gov/FedAidPDFs/FMR23-08.pdf,
Bristol Bay,Alaska,Sockeye,NA,1991,"137,837","25,821,180",0,0,0,NA,Tiernan et al. 2023,https://www.adfg.alaska.gov/FedAidPDFs/FMR23-08.pdf,
Bristol Bay,Alaska,Sockeye,NA,1992,"133,605","31,879,676",0,0,0,NA,Tiernan et al. 2023,https://www.adfg.alaska.gov/FedAidPDFs/FMR23-08.pdf,
Bristol Bay,Alaska,Sockeye,NA,1993,"134,050","40,462,292",0,0,0,NA,Tiernan et al. 2023,https://www.adfg.alaska.gov/FedAidPDFs/FMR23-08.pdf,
Bristol Bay,Alaska,Sockeye,NA,1994,"120,782","35,224,046",0,0,0,"19,758",Tiernan et al. 2023,https://www.adfg.alaska.gov/FedAidPDFs/FMR23-08.pdf,
Bristol Bay,Alaska,Sockeye,NA,1995,"107,717","44,266,234",0,0,0,"19,973",Tiernan et al. 2023,https://www.adfg.alaska.gov/FedAidPDFs/FMR23-08.pdf,
Bristol Bay,Alaska,Sockeye,NA,1996,"107,737","29,591,658",0,0,0,"12,083",Tiernan et al. 2023,https://www.adfg.alaska.gov/FedAidPDFs/FMR23-08.pdf,
Bristol Bay,Alaska,Sockeye,NA,1997,"118,250","12,158,777",0,0,0,"15,541",Tiernan et al. 2023,https://www.adfg.alaska.gov/FedAidPDFs/FMR23-08.pdf,
Bristol Bay,Alaska,Sockeye,NA,1998,"113,289","10,035,582",0,0,0,"23,002",Tiernan et al. 2023,https://www.adfg.alaska.gov/FedAidPDFs/FMR23-08.pdf,
Bristol Bay,Alaska,Sockeye,NA,1999,"122,281","25,657,889",0,0,0,"19,048",Tiernan et al. 2023,https://www.adfg.alaska.gov/FedAidPDFs/FMR23-08.pdf,
Bristol Bay,Alaska,Sockeye,NA,2000,"92,050","20,457,452",0,0,0,"18,975",Tiernan et al. 2023,https://www.adfg.alaska.gov/FedAidPDFs/FMR23-08.pdf,
Bristol Bay,Alaska,Sockeye,NA,2001,"92,041","14,178,605",0,0,0,"11,887",Tiernan et al. 2023,https://www.adfg.alaska.gov/FedAidPDFs/FMR23-08.pdf,
Bristol Bay,Alaska,Sockeye,NA,2002,"81,088","10,675,713",0,0,0,"8,444",Tiernan et al. 2023,https://www.adfg.alaska.gov/FedAidPDFs/FMR23-08.pdf,
Bristol Bay,Alaska,Sockeye,NA,2003,"95,690","14,760,913",0,0,0,"10,154",Tiernan et al. 2023,https://www.adfg.alaska.gov/FedAidPDFs/FMR23-08.pdf,
Bristol Bay,Alaska,Sockeye,NA,2004,"93,819","24,604,808",0,0,0,"12,071",Tiernan et al. 2023,https://www.adfg.alaska.gov/FedAidPDFs/FMR23-08.pdf,
Bristol Bay,Alaska,Sockeye,NA,2005,"98,511","24,522,179",0,0,0,"11,925",Tiernan et al. 2023,https://www.adfg.alaska.gov/FedAidPDFs/FMR23-08.pdf,
Bristol Bay,Alaska,Sockeye,NA,2006,"95,201","28,493,355",0,0,0,"17,658",Tiernan et al. 2023,https://www.adfg.alaska.gov/FedAidPDFs/FMR23-08.pdf,
Bristol Bay,Alaska,Sockeye,NA,2007,"99,549","29,765,726",0,0,0,"14,835",Tiernan et al. 2023,https://www.adfg.alaska.gov/FedAidPDFs/FMR23-08.pdf,
Bristol Bay,Alaska,Sockeye,NA,2008,"103,583","27,674,223",0,0,0,"18,593",Tiernan et al. 2023,https://www.adfg.alaska.gov/FedAidPDFs/FMR23-08.pdf,
Bristol Bay,Alaska,Sockeye,NA,2009,"98,951","30,887,279",0,0,0,"17,874",Tiernan et al. 2023,https://www.adfg.alaska.gov/FedAidPDFs/FMR23-08.pdf,
Bristol Bay,Alaska,Sockeye,NA,2010,"90,444","29,052,737",0,0,0,"14,725",Tiernan et al. 2023,https://www.adfg.alaska.gov/FedAidPDFs/FMR23-08.pdf,
Bristol Bay,Alaska,Sockeye,NA,2011,"101,017","22,101,356",0,0,0,"14,068",Tiernan et al. 2023,https://www.adfg.alaska.gov/FedAidPDFs/FMR23-08.pdf,
Bristol Bay,Alaska,Sockeye,NA,2012,"100,728","20,919,883",0,0,0,"14,341",Tiernan et al. 2023,https://www.adfg.alaska.gov/FedAidPDFs/FMR23-08.pdf,
Bristol Bay,Alaska,Sockeye,NA,2013,"98,765","15,431,513",0,0,0,"13,539",Tiernan et al. 2023,https://www.adfg.alaska.gov/FedAidPDFs/FMR23-08.pdf,
Bristol Bay,Alaska,Sockeye,NA,2014,"99,008","29,123,077",0,0,0,"14,866",Tiernan et al. 2023,https://www.adfg.alaska.gov/FedAidPDFs/FMR23-08.pdf,
Bristol Bay,Alaska,Sockeye,NA,2015,"99,535","36,719,279",0,0,0,"18,837",Tiernan et al. 2023,https://www.adfg.alaska.gov/FedAidPDFs/FMR23-08.pdf,
Bristol Bay,Alaska,Sockeye,NA,2016,"85,989","37,591,769",0,0,0,"15,535",Tiernan et al. 2023,https://www.adfg.alaska.gov/FedAidPDFs/FMR23-08.pdf,
Bristol Bay,Alaska,Sockeye,NA,2017,"89,704","38,781,525",0,0,0,"23,500",Tiernan et al. 2023,https://www.adfg.alaska.gov/FedAidPDFs/FMR23-08.pdf,
Bristol Bay,Alaska,Sockeye,NA,2018,"78,666","41,937,196",0,0,0,"19,696",Tiernan et al. 2023,https://www.adfg.alaska.gov/FedAidPDFs/FMR23-08.pdf,
Bristol Bay,Alaska,Sockeye,NA,2019,"75,320","43,023,030",0,0,0,"19,052",Tiernan et al. 2023,https://www.adfg.alaska.gov/FedAidPDFs/FMR23-08.pdf,
Bristol Bay,Alaska,Sockeye,NA,2020,"78,679","39,579,846",0,0,0,"16,418",Tiernan et al. 2023,https://www.adfg.alaska.gov/FedAidPDFs/FMR23-08.pdf,
Bristol Bay,Alaska,Sockeye,NA,2021,"78,779","41,970,988",0,0,0,"33,052",Tiernan et al. 2023,https://www.adfg.alaska.gov/FedAidPDFs/FMR23-08.pdf,
Bristol Bay,Alaska,Sockeye,NA,2022,NA,"60,531,448",0,0,0,NA,Tiernan et al. 2023,https://www.adfg.alaska.gov/FedAidPDFs/FMR23-08.pdf,